{
  "status": [
    0.004132231404958678,
    0.5286259541984732,
    0.10227272727272728,
    0.12022900763358779
  ],
  "actions": [
    0.10588842975206611,
    0.5486641221374046,
    0.08987603305785125,
    0.12022900763358779
  ],
  "controls": [
    0.004132231404958678,
    0.6889312977099237,
    0.10227272727272728,
    0.12213740458015267
  ]
}