{
  "status": [
    0.004132231404958678,
    0.5286259541984732,
    0.10227272727272728,
    0.12022900763358779
  ],
  "actions": [
    0.10588842975206611,
    0.5286259541984732,
    0.08987603305785125,
    0.12022900763358779
  ],
  "controls": [
    0.004132231404958678,
    0.6889312977099237,
    0.10227272727272728,
    0.12213740458015267
  ],
  "skills": [
    0.10588842975206611,
    0.2776717557251908,
    0.08987603305785125,
    0.1965648854961832
  ],
  "selected_melee": "Club",
  "selected_shield_mode": 1,
  "hp_alert_threshold": 24,
  "hp_alert_enabled": true,
  "afk_alert_enabled": false,
  "red_hp_alert_enabled": false,
  "afk_alert_volume": 20,
  "show_exp": true,
  "show_timers": true,
  "show_skills": true
}